10.jpg	marks	marks
18.png	incinderjell	incinderjell
19.png	rectocele	rectocele
25.png	baedeker	baedeker
27.png	arnstadt	arnstadt
48.png	envisaged	envisaged
49.png	rectistack	rectistack
52.png	crucifixion	crucifixion
58.png	exaction	exaction
65.png	hepatorenal	hepatorenal
74.jpg	redesien	redesign
76.png	bignonia	bignonia
85.png	workers	workers
94.jpg	nymphitis	nymphitis
100.png	nodus	nodus
104.png	malum	malum
121.png	metestrus	metestrus
123.png	cashcard	cashcard
125.png	struer	struer
131.png	forbs	forbs
132.png	magal	magal
154.png	repast	repast
157.png	kimonos	kimonos
159.png	umpolung	umpolung
162.png	ailments	ailments
165.png	nondescript	nondescript
176.png	agforations	agroclimate
187.png	grade	grade
191.png	polidocanol	polidocanol
198.png	supercarrier	supercarrier
207.png	subverter	subverter
210.png	nectin	nectin
214.png	doltishness	doltishness
215.png	busher	busher
217.png	cortex	cortex
218.png	aftopurinol	allopurinol
221.png	grilse	grilse
223.jpg	floatage	floatage
232.jpg	handover	handover
237.png	milfaron	milfaron
239.jpg	speeches	speeches
240.png	borgin	borgin
246.jpg	extattorienic	cobaltomenite
253.jpg	tadpole	tadpole
255.png	micalex	micalex
273.png	triax	triax
274.png	noninvolved	noninvolved
282.png	prepositor	prepositor
290.png	cudicie	cubicle
294.png	lubb	lubb
298.png	manger	manger
306.png	semisolid	semisolid
308.png	slice	slice
312.png	dryer	dryer
318.jpg	head	head
334.png	heaving	heaving
336.png	bashing	bashing
339.png	electroblot	electroblot
341.png	cestrum	cestrum
342.png	perylene	perylene
345.png	elasticized	elasticized
347.png	rockslide	rockslide
361.png	collodium	collodium
362.png	lilangeni	lilangeni
375.png	spermatization	spermatization
381.png	aptitudes	aptitudes
385.jpg	grass	grass
390.png	rimpled	rimpled
403.png	overtook	overtook
407.jpg	sackcloth	sackcloth
409.jpg	pedimeter	pedimeter
414.jpg	refrain	refrain
430.png	strategical	strategical
438.png	abstracting	abstracting
441.jpg	rightfully	rightfully
454.png	myoelectric	myoelectric
461.jpg	rosieresite	rosieresite
465.jpg	elspar	elspar
468.jpg	blockout	blockout
471.png	ribosyi	ribosyl
476.png	diazonium	diazonium
481.jpg	with	wth
500.png	capping	capping
508.png	librarianship	librarianship
521.png	prink	prink
538.png	cograft	cograft
540.png	harmonical	harmonical
550.png	neei	neel
560.png	softness	softness
567.png	plicamycin	plicamycin
572.png	pathema	pathema
585.png	progressive	progressive
596.png	cockiness	cockiness
603.png	retaliation	retaliation
606.png	equisetum	equisetum
607.png	radii	radii
618.png	formulaic	formulaic
624.png	slashed	slashed
631.png	parentage	parentage
634.png	gardener	gardener
640.jpg	relabel	relabel
651.jpg	stitchery	stitchery
659.png	intracrine	intracrine
669.png	mackinaw	mackinaw
674.jpg	omnium	omnium
679.png	photoa	photog
682.png	capataz	capataz
693.jpg	epitopes	epitopes
694.png	escapea	escaped
706.png	trusting	trusting
717.png	tracer	tracer
731.png	doyley	doyley
735.png	candite	candite
738.png	maison	maison
743.png	harewood	harewood
745.jpg	diarsine	diarsine
751.png	uncovery	uncovery
752.png	insition	insition
761.png	gracills	gracilis
777.jpg	mammectomy	mammectomy
780.png	muscularly	muscularly
785.jpg	material	material
808.png	pruriency	pruriency
817.jpg	booya	booya
822.png	antisepsis	antisepsis
823.png	threeman	threeman
830.png	birthmark	birthmark
834.jpg	extremly	extremly
840.png	brader	brader
842.jpg	aschnxis	asphyxia
850.png	doozy	doozy
856.png	vester	yester
857.png	levulinie	levulinic
858.jpg	diffusionist	diffusionist
864.png	menilite	menilite
868.png	compiler	compiler
879.jpg	meager	meager
882.jpg	swelled	swelled
890.png	colpoperineoplasty	colpoperineoplasty
897.png	foozler	foozler
921.png	imagines	imagines
926.jpg	pianica	pianica
931.png	donorship	donorship
941.png	debet	debet
942.png	vacantness	vacantness
954.png	myoelectric	myoelectric
971.png	rachidial	rachidial
972.png	ingluciable	ineluctable
984.jpg	tumber	tumber
990.png	symbolises	symbolises
1003.png	pillowy	pillowy
1010.png	interflex	interflex
1015.png	trihalomethanes	trihalomethanes
1018.png	propulsor	propulsor
1040.png	diacele	diacele
1046.png	diclotron	diclotron
1057.jpg	thousand	thousand
1058.png	douroucouli	douroucouli
1075.png	manubria	manubria
1077.jpg	bilirubin	bilirubin
1088.png	carvi	caryl
1093.png	descum	descum
1107.png	eulogist	eulogist
1115.png	patellae	patellae
1117.jpg	remend	emend
1118.jpg	alpinism	alpinism
1128.png	dyslectic	dyslectic
1131.png	vendor	vendor
1133.jpg	ascendency	ascendency
1134.png	zamarra	zamarra
1140.png	laudator	laudator
1166.png	demonian	demonian
1172.png	octad	octad
1175.jpg	helptext	helptext
1181.png	savanna	savanna
1192.png	silicium	silicium
1200.png	cloup	cloup
1201.png	sandals	sandals
1205.png	exite	exite
1207.png	pretess	precess
1209.jpg	later	later
1217.png	comodulation	comodulation
1226.png	nebbish	nebbish
1229.png	defraval	defrayal
1233.png	mecha	mecha
1237.png	nautical	nautical
1238.png	amidone	amidone
1246.jpg	airbag	dirtbag
1247.png	toppiing	toppling
1253.png	memoryless	memoryless
1255.png	licensable	licensable
1259.jpg	xylaria	xylaria
1285.jpg	militarists	militarists
1303.png	bifurcate	bifurcate
1309.png	dissective	dissective
1315.png	plastid	plastid
1316.png	baread	bartend
1338.png	carpine	carpine
1345.jpg	jetleg	jetleg
1353.png	mender	mender
1357.png	scotosis	scotosis
1359.png	teruie	ferule
1363.jpg	hokutolite	hokutolite
1368.png	aggrieved	aggrieved
1371.png	oxaprozin	oxaprozin
1376.jpg	yearling	yearling
1388.png	ruminal	ruminal
1394.jpg	gadding	gadding
1401.png	coccyges	coccyges
1405.jpg	ridgerope	ridgerope
1409.png	isovalerate	isovalerate
1428.png	dungeons	dungeons
1431.png	phyllidia	phyllidia
1452.jpg	housebreaker	housebreaker
1453.png	saltwort	saltwort
1465.png	upswing	upswing
1467.png	decompaction	decompaction
1480.jpg	unoccupy	unoccupy
1496.png	dashing	dashing
1500.png	anabiotic	anabiotic
1511.png	propositional	propositional
1512.png	adenocarcinoma	adenocarcinoma
1516.png	rashing	rashing
1518.jpg	heating	heating
1519.png	sinople	sinople
1521.jpg	papular	papular
1526.png	partschinite	partschinite
1548.png	grape	grape
1554.jpg	databinding	databinding
1559.png	shakiness	shakiness
1571.png	ecopolis	ecopolis
1579.png	skipper	skipper
1580.png	houseful	houseful
1587.png	readset	readset
1589.jpg	maybush	maybush
1593.png	emissive	emissive
1595.png	unclog	unclog
1598.png	rothschild	rothschild
1599.png	waspalloy	waspalloy
1600.png	wotder	rifler
1614.jpg	animated	animated
1620.png	battlewagon	battlewagon
1622.png	descender	descender
1629.png	coen	coen
1632.png	trains	trains
1640.png	ecophobia	ecophobia
1646.jpg	clock	clock
1660.jpg	tincal	tincal
1670.png	territorial	territorial
1673.jpg	electroiet	electrojet
1676.jpg	exarch	exarch
1688.png	skinny	skinny
1696.png	peganite	peganite
1705.png	synaereses	synaereses
1717.jpg	oorry	gorry
1721.jpg	softish	softish
1723.png	awoke	awoke
1726.png	celebrate	celebrate
1754.png	stolidity	stolidity
1764.png	petitioners	petitioners
1765.jpg	topocline	topocline
1767.png	loop	loop
1773.jpg	tide	tide
1774.png	lipocyte	lipocyte
1777.png	aphids	aphids
1781.png	weaner	weaner
1785.jpg	overpull	overpull
1790.png	epoxidase	epoxidase
1791.png	amenia	amenia
1793.jpg	prison	prison
1795.png	devilhood	devilhood
1796.png	howlite	howlite
1807.png	semidesert	semidesert
1815.jpg	colalin	colalin
1862.png	grum	grum
1880.jpg	europe	europe
1885.png	discontinued	discontinued
1891.jpg	topologist	topologist
1898.jpg	pontine	pontine
1918.png	precipitometer	precipitometer
1922.png	extraretinal	extraretinal
1925.png	reexpression	reexpression
1926.png	autonomism	autonomism
1927.png	destraction	destraction
1929.jpg	language	language
1930.png	vocally	vocally
1950.png	cankered	cankered
1955.png	displaying	displaying
1960.png	kesterite	kesterite
1967.jpg	bianked	blanked
1970.png	toolmaker	toolmaker
1971.jpg	chalkboard	chalkboard
1973.png	decanone	decanone
1975.jpg	equilateral	equilateral
1980.png	reversedly	reversedly
1997.jpg	strobilae	strobilae
2000.jpg	furoxan	furoxan
2026.png	runnability	runnability
2036.png	sheath	sheath
2053.png	cumulene	cumulene
2062.png	peptidergic	peptidergic
2082.png	atectonic	atectonic
2084.jpg	invarious	invarious
2092.png	stage	stage
2094.png	executor	executor
2112.jpg	naked	naked
2115.jpg	stallholder	stallholder
2117.png	bewildering	bewildering
2125.png	ruefully	ruefully
2138.png	panmictic	panmictic
2142.png	isogloss	isogloss
2156.png	syntonize	syntonize
2157.png	girlie	girlie
2165.jpg	paraphraser	paraphraser
2166.jpg	nemesia	nemesia
2173.jpg	schick	schick
2175.png	befrogged	befrogged
2180.jpg	nucleus	nucleus
2187.jpg	tristeza	tristeza
2195.png	ninja	ninja
2199.png	denominators	denominators
2215.png	acicular	acicular
2240.jpg	catemer	catemer
2250.png	serclimax	serclimax
2255.png	palisade	palisade
2258.png	dandiacal	dandiacal
2269.png	jets	jets
2280.png	bandless	bandless
2281.png	nenadkevite	nenadkevite
2284.jpg	calorifier	calorifier
2296.png	tunelessly	tunelessly
2308.png	staircase	staircase
2312.png	enation	enation
2313.png	grahamite	grahamite
2316.png	overspeculate	overspeculate
2319.png	lowlife	lowlife
2342.png	intermedium	intermedium
2344.png	cretaceous	cretaceous
2345.png	batching	batching
2354.png	antithetical	antithetical
2373.png	explode	explode
2377.jpg	inlets	inlets
2379.png	cynodonts	cynodonts
2388.png	cosopt	cosopt
2389.png	stream	stream
2390.jpg	bike	bike
2396.png	befriender	befriender
2416.png	nonclassical	nonclassical
2434.jpg	chain	chain
2440.png	pt	pt
2451.png	taximeter	taximeter
2460.jpg	azoxy	azoxy
2470.png	impersing	imposing
2474.png	black	black
2494.png	apochromat	apochromat
2503.png	hibernaculum	hibernaculum
2518.png	involutional	involutional
2546.jpg	homoepitaxy	homoepitaxy
2554.png	monsignor	monsignor
2557.png	cavatina	cavatina
2565.jpg	makings	makings
2579.jpg	arts	arts
2585.png	qualimetry	qualimetry
2597.png	daringness	daringness
2606.jpg	shareout	shareout
2610.png	bayamo	bayamo
2625.png	eucaryotic	eucaryotic
2629.png	leafy	leafy
2633.jpg	vignettes	vignettes
2654.png	explanative	explanative
2655.png	honeymouthed	honeymouthed
2660.png	cringing	cringing
2664.png	explicanda	explicanda
2669.png	networking	networking
2677.png	assessee	assessee
2684.png	prestart	prestart
2691.jpg	foorage	floorage
2708.jpg	auscultatory	auscultatory
2718.png	booklore	booklore
2721.png	allotment	allotment
2725.jpg	graphon	graphon
2728.png	hopscotch	hopscotch
2729.png	reactionism	reactionism
2754.png	mcpd	mcpd
2766.png	calamanco	calamanco
2767.png	oncost	oncost
2771.png	comly	comfy
2776.jpg	biparental	biparental
2803.png	dystress	dystress
2805.png	bouffant	bouffant
2819.png	reimbursible	reimbursible
2828.png	calgranulin	calgranulin
2838.jpg	dealings	dealings
2844.jpg	possy	possy
2850.png	heyday	heyday
2861.png	bacchanaits	bacchanalia
2880.png	savoring	savoring
2882.png	fisting	fisting
2888.png	subdiagonal	subdiagonal
2903.png	numismatician	numismatician
2919.png	fiorilaty	fibrillary
2922.png	limosis	limosis
2935.png	insets	insets
2949.jpg	embody	embody
2975.png	ignitable	ignitable
2989.jpg	methine	methine
2991.jpg	physicas	physicas
2992.png	type	type
2993.png	stane	stane
3006.jpg	obsequy	obsequy
3012.jpg	aurally	rurally
3021.png	benzathine	benzathine
3023.png	fourteener	fourteener
3026.png	syrino	syring
3031.png	thali	thali
3035.jpg	defemizing	defemizing
3042.jpg	jobbery	jobbery
3049.jpg	wallack	wallack
3055.png	fored	fored
3062.png	exodus	exodus
3079.png	cutter	cutter
3085.png	featherlight	featherlight
3087.png	bluejack	bluejack
3088.png	spookery	spookery
3089.png	mulseal	mulseal
3091.png	abattoir	abattoir
3105.jpg	equalarea	equalarea
3127.png	antimonous	antimonous
3142.png	mariculture	mariculture
3155.png	bisearch	bisearch
3171.jpg	paradentosis	paradentosis
3198.png	canniness	canniness
3201.png	ventilator	ventilator
3205.png	tenable	tenable
3211.jpg	gherao	gherao
3216.jpg	mesalamine	mesalamine
3217.jpg	unfulfill	unfulfill
3219.png	imidazole	imidazole
3229.png	pappy	pappy
3235.png	pomelo	pomelo
3244.png	autocoid	autocoid
3252.png	bluestocking	bluestocking
3283.jpg	university	crystallisation
3294.png	agloat	agloat
3297.png	brava	brava
3303.jpg	intricacy	intricacy
3310.png	treewidth	treewidth
3326.jpg	domesticating	domesticating
3330.png	chocolates	chocolates
3331.jpg	typefoundry	typefoundry
3343.png	indexless	indexless
3356.png	decontrol	decontrol
3365.png	shun	shun
3368.jpg	ignore	ignore
3376.png	steerage	steerage
3406.png	zincode	zincode
3421.png	coadapted	coadapted
3422.png	antifeedant	antifeedant
3435.png	convey	convey
3441.png	akrit	akrit
3450.jpg	zircaloy	zircaloy
3463.png	decontencator	disconfirmation
3477.png	disrate	disrate
3486.png	gauche	gauche
3493.png	haplessly	haplessly
3511.png	shortsightedness	shortsightedness
3516.png	beauveria	beauveria
3519.png	windy	windy
3528.jpg	kerflop	kerflop
3541.png	manent	manent
3548.png	subsidise	subsidise
3555.png	many	basketful
3564.png	crowfoots	crowfoots
3575.png	unhandsome	unhandsome
3577.jpg	educology	educology
3580.png	polariser	polariser
3589.jpg	roadbook	roadbook
3592.png	deliberator	deliberator
3593.jpg	barder	barder
3595.png	karyolysis	karyolysis
3612.png	table	tabla
3614.png	modularity	modularity
3627.jpg	maldonite	maldonite
3636.png	acidate	acidate
3642.png	depuration	depuration
3644.png	summoned	summoned
3645.png	kneed	kneed
3646.png	xanthone	xanthone
3648.png	ferrying	ferrying
3649.jpg	cystinosis	cystinosis
3653.png	inspectorship	inspectorship
3664.png	commission	commission
3675.png	chromocenter	chromocenter
3678.jpg	there	there
3686.png	anglais	anglais
3700.jpg	languages	languages
3701.png	unique	unique
3704.jpg	underback	underback
3713.png	delivery	delivery
3719.jpg	atomics	atomics
3721.png	furunculoses	furunculoses
3729.png	speedlight	speedlight
3747.png	beastic	beastly
3751.png	unguarded	unguarded
3763.jpg	scopin	scopin
3776.png	dubai	dubai
3781.png	euhedral	euhedral
3814.jpg	fingemails	fingernails
3816.png	allenite	allenite
3819.png	premixture	premixture
3823.png	mechatronic	mechatronic
3825.png	tamp	tamp
3830.png	penicilium	penicilium
3833.jpg	floppier	floppier
3848.png	richer	richer
3852.jpg	lemming	lemming
3853.jpg	turnspit	turnspit
3856.png	earser	earser
3858.png	earlywood	earlywood
3860.jpg	scabbing	scabbing
3871.png	palestra	palestra
3886.png	isobutyl	isobutyl
3901.png	reeking	reeking
3903.png	guanylurea	guanylurea
3908.png	earthshock	earthshock
3911.png	tridex	tridex
3912.png	devices	devices
3926.jpg	regress	regress
3928.png	ninhydrine	ninhydrine
3961.png	emfet	emfet
3964.png	xenodocheum	xenodocheum
3966.png	jossi	joss
3973.png	divinely	divinely
3979.jpg	drag	drag
3981.jpg	ultimat	ultimat
3984.jpg	coal	coal
3989.jpg	recoplible	receptible
3991.jpg	destaticizer	destaticizer
3993.png	paleoseismicity	paleoseismicity
3999.jpg	parbunydrase	carbohydrase
4000.png	nasial	nasial
4004.png	spaces	spaces
4005.png	aborigines	aborigines
4007.png	foreyard	foreyard
4014.png	hesperian	hesperian
4038.png	slff	sbf
4039.png	offspeed	offspeed
4046.png	strongly	strongly
4047.png	provision	provision
4053.jpg	cake	cake
4064.png	granulysin	granulysin
4087.jpg	annelation	annelation
4089.png	seiant	sejant
4100.png	orans	orans
4101.jpg	touchhole	touchhole
4104.png	acroperesthesia	acroparesthesia
4111.png	emprise	emprise
4148.png	locally	locally
4151.png	corcle	corcle
4154.png	unmarked	unmarked
4159.png	chock	chock
4166.jpg	point	point
4176.png	amherst	amherst
4178.png	amorazing	amortizing
4180.jpg	periportal	periportal
4196.png	corridos	corridos
4199.png	thremmatology	thremmatology
4202.png	calbindin	calbindin
4208.png	reinsured	reinsured
4212.jpg	corbett	corbett
4217.png	dryest	dryest
4229.png	conjunctio	conjunctio
4230.png	ventilators	ventilators
4247.png	annexin	annexin
4251.png	misreed	misreed
4256.png	downtilt	downtilt
4259.jpg	dybbuk	dybbuk
4262.jpg	overcut	overcut
4265.png	dreck	dreck
4269.png	cozaar	cozaar
4287.png	reversibility	reversibility
4294.png	strapdown	strapdown
4295.png	rascallion	rascallion
4312.png	caterwaul	caterwaul
4319.jpg	thrown	thrown
4327.jpg	kynex	kynex
4330.png	careless	careless
4339.png	temperable	temperable
4343.png	dupion	dupion
4357.png	vicennial	vicennial
4369.jpg	relisher	relisher
4370.png	acepromazine	acepromazine
4371.png	matching	matching
4415.png	sailplaner	sailplaner
4421.jpg	locally	locally
4423.png	embalm	embalm
4431.jpg	reusage	reusage
4432.png	financer	financer
4444.jpg	axoneuron	axoneuron
4450.png	expatiate	expatiate
4457.jpg	collection	collection
4488.png	cordial	cordial
4493.png	eagle	eagle
4505.png	antennafier	antennafier
4511.png	inset	inset
4512.png	reenterability	reenterability
4515.jpg	apiose	apiose
4522.png	exocoele	exocoele
4530.png	nulling	nulling
4547.png	credibility	credibility
4549.png	bondmaid	bondmaid
4559.png	stolid	stolid
4564.png	hypothec	hypothec
4574.jpg	uzbek	uzbek
4577.png	etucsome	gruesome
4584.jpg	satiny	satiny
4585.jpg	creer	creer
4594.png	ignitus	ignitus
4602.png	baptist	baptist
4609.png	repurposing	repurposing
4611.png	knock	knock
4614.png	nautic	nautic
4618.png	sabbatic	sabbatic
4624.png	capercaillye	capercaillye
4626.png	unexpected	unexpected
4634.jpg	wargasm	wargasm
4648.jpg	agelike	agelike
4656.png	evernote	evernote
4667.png	displume	displume
4675.png	chaetopod	chaetopod
4678.png	immobiliser	immobiliser
4686.png	undermine	undermine
4687.jpg	carate	carate
4695.png	moxa	moxa
4708.png	roque	roque
4717.png	gnarly	gnarly
4723.png	fiumicino	fiumicino
4726.png	atomics	atomics
4746.png	saucepot	saucepot
4754.jpg	body	body
4758.png	deviant	deviant
4778.png	candoxatril	candoxatril
4788.png	exaltone	exaltone
4791.png	geminal	geminal
4802.jpg	pleasing	pleasing
4804.jpg	gassed	gassed
4806.png	telex	telex
4809.png	clarified	clarified
4814.jpg	dumming	dumming
4819.png	blarney	blarney
4823.jpg	dithiolate	dithiolate
4826.png	northwich	northwich
4862.png	mongo	mongo
4866.png	telekinesis	telekinesis
4881.png	theaflavin	theaflavin
4891.png	epibiont	epibiont
4900.png	perimysium	perimysium
4906.png	scummy	scummy
4917.jpg	desire	desire
4924.jpg	seamark	seamark
4926.png	eventclass	eventclass
4936.jpg	first	first
4944.jpg	catalytically	catalytically
4945.png	negotiations	negotiations
4949.png	tortility	tortility
4958.jpg	piotic	biotic
4962.jpg	towable	towable
4976.png	gallate	gallate
4979.png	polypus	polypus
4993.png	torta	torta
5016.jpg	leaser	leaser
5020.png	knifefish	knifefish
5021.png	circulations	circulations
5022.png	synontic	synoptic
5031.png	stormy	stormy
5047.png	marstenite	karstenite
5066.jpg	takeovers	takeovers
5067.png	corrigible	corrigible
5076.jpg	primaryload	primaryload
5081.jpg	disarming	disarming
5095.jpg	lieutenant	lieutenant
5096.png	laryngotomy	laryngotomy
5097.png	transferor	transferor
5122.png	advises	advises
5129.jpg	ergs	eros
5144.png	bsa	bsa
5165.jpg	lastly	lastly
5174.png	decagonal	decagonal
5191.jpg	slurgiest	sludgiest
5194.png	oxidation	oxidation
5200.png	garder	garder
5201.jpg	cathexis	cathexis
5210.png	wellies	wellies
5211.png	slimness	slimness
5213.png	jambeau	jambeau
5245.png	modernizing	modernizing
5248.png	exocellular	exocellular
5261.png	nitrato	nitrato
5287.png	methazolamide	methazolamide
5299.png	thwacker	thwacker
5309.png	garishly	garishly
5314.png	fratching	fratching
5317.jpg	mesmerizingly	mesmerizingly
5322.png	micronized	micronized
5330.png	respirometric	respirometric
5336.png	ganzhou	ganzhou
5340.png	advent	advent
5342.jpg	hiberarchy	hiberarchy
5347.png	parallelled	parallelled
5348.jpg	nodosity	nodosity
5358.jpg	pliancy	pliancy
5359.png	metaphorically	metaphorically
5378.jpg	offset	offset
5389.png	signify	signify
5407.png	graunchy	graunchy
5420.png	preoperation	preoperation
5421.jpg	tombarthite	tombarthite
5424.png	enuate	eluate
5430.png	omerta	omerta
5433.jpg	backway	backway
5436.png	kaolinite	kaolinite
5445.png	orogene	orogene
5446.png	aegirine	aegirine
5460.png	slanders	slanders
5474.png	frazzle	frazzle
5491.png	whiz	whiz
5502.jpg	dang	dang
5510.png	helicopterist	helicopterist
5513.png	tracing	tracing
5524.png	banda	banda
5531.jpg	dark	dark
5536.png	upgraded	upgraded
5543.jpg	dowate	degate
5545.png	relieve	relieve
5550.jpg	tintiest	tintiest
5565.png	disorbit	disorbit
5592.png	affectivity	affectivity
5607.png	dollhood	dollhood
5617.png	blaspheme	blaspheme
5627.jpg	ambivalently	ambivalently
5629.png	superintendent	superintendent
5630.png	hubware	hubware
5648.jpg	beca	beca
5661.jpg	clarin	clarin
5663.png	blame	blame
5671.jpg	toluglenedramine	toluylenediamine
5676.png	bibliologist	bibliologist
5679.png	radius	radius
5707.jpg	player	player
5708.jpg	breased	pressed
5709.png	going	going
5717.png	schnook	schnook
5720.png	morphic	morphic
5723.png	naturally	naturally
5724.jpg	traverse	traverse
5726.png	palpate	palpate
5738.png	disrupts	disrupts
5747.png	puttying	puttying
5758.png	crunchiness	crunchiness
5766.png	nortestosterone	nortestosterone
5769.png	treeline	treeline
5773.jpg	fluorinate	fluorinate
5787.png	ppy	ppy
5797.png	keystroke	keystroke
5816.png	existent	existent
5819.png	cryolesion	cryolesion
5825.png	blackbuck	blackbuck
5836.png	curlew	curlew
5864.png	impo	impo
5883.png	halichondrin	halichondrin
5885.jpg	coryphaei	coryphaei
5894.jpg	cleared	cleared
5895.png	kou	kou
5899.png	ocotillo	ocotillo
5901.jpg	splintage	splintage
5907.png	biltong	biltong
5913.png	differentiae	differentiae
5933.png	saxonizng	saxonizng
5935.jpg	gettie	jettie
5942.png	lecturer	lecturer
5944.png	protectingly	protectingly
5985.png	phoniness	phoniness
5994.jpg	investigate	investigate
6000.png	talked	talked
6001.png	knowable	knowable
6010.png	imprecise	imprecise
6024.jpg	thabdomancer	rhabdomancer
6030.png	soybean	soybean
6035.jpg	granby	granby
6044.jpg	aamins	admins
6045.jpg	keypal	keypal
6049.png	terse	terse
6066.png	nocuity	nocuity
6087.jpg	trimetozine	trimetozine
6100.png	marasca	marasca
6109.png	crowed	crowed
6116.png	scaphoid	scaphoid
6120.png	unpolymerized	unpolymerized
6125.jpg	insist	insist
6132.png	trimyristin	trimyristin
6135.jpg	saboophy	orthoepist
6141.jpg	greenhouse	greenhouse
6143.jpg	neuromedin	neuromedin
6147.png	touchable	touchable
6161.png	woozy	woozy
6165.png	disulfide	disulfide
6170.png	econometrician	econometrician
6177.png	periarteritis	periarteritis
6181.png	shortcrust	shortcrust
6197.png	subindices	subindices
6218.png	towery	towery
6259.png	vintages	vintages
6264.png	funding	funding
6266.png	headliner	headliner
6271.jpg	fasciae	fasciae
6272.png	extoliator	exfoliator
6280.png	micrometeorite	micrometeorite
6283.png	preoccupy	preoccupy
6296.png	luciferous	luciferous
6297.png	graveness	graveness
6305.png	closing	closing
6314.png	cleric	cleric
6331.png	yillainess	villainess
6343.png	mick	mick
6352.png	paraffinic	paraffinic
6355.png	shine	shine
6357.png	seise	seise
6361.png	multiplicand	multiplicand
6368.jpg	kahlerite	kahlerite
6388.png	frangible	frangible
6394.png	singularities	singularities
6397.png	piauzite	piauzite
6399.png	neurovascular	neurovascular
6424.png	sexennial	sexennial
6426.png	dicaryotic	dicaryotic
6432.jpg	dualin	dualin
6447.png	uranyl	uranyl
6448.png	forementioned	forementioned
6449.jpg	craziest	craziest
6461.png	sordidly	sordidly
6483.png	reattirm	reaffirm
6494.png	boxer	boxer
6504.png	petasus	petasus
6515.jpg	spinosum	spinosum
6516.png	blunderbuss	blunderbuss
6520.png	trymata	trymata
6523.png	wordplay	wordplay
6534.png	carburized	carburized
6539.jpg	sinistrocardia	sinistrocardia
6542.png	ordinator	ordinator
6544.jpg	emusan	emulators
6551.png	sedate	sedate
6569.png	budding	budding
6619.png	adience	adience
6620.png	astronaut	astronaut
6622.png	cholestasis	cholestasis
6623.jpg	shop	shop
6625.png	patenting	patenting
6633.png	harmonized	harmonized
6634.png	prophylactic	prophylactic
6642.png	incasement	incasement
6658.png	pushrod	pushrod
6664.png	penally	penally
6671.png	diencephalon	diencephalon
6680.png	documantation	documantation
6688.jpg	left	left
6698.jpg	sodalite	sodalite
6699.jpg	uncaused	uncaused
6718.png	bytes	bytes
6726.png	marocain	marocain
6727.png	eosinophils	eosinophils
6738.png	rawls	rawls
6750.png	ploesti	ploesti
6757.png	doubtfully	doubtfully
6767.jpg	nimblewit	nimblewit
6774.png	mealanguage	mealanguage
6783.png	clownage	clownage
6795.png	degrade	degrade
6797.png	conferred	conferred
6806.png	civicism	civicism
6808.jpg	krause	krause
6811.jpg	quartzose	quartzose
6820.jpg	asocial	asocial
6839.png	semiproduct	semiproduct
6844.png	workblank	workblank
6859.png	chemically	chemically
6861.jpg	paravion	paravion
6876.png	ligamentous	ligamentous
6882.jpg	carbomethoxy	carbomethoxy
6887.jpg	coalmine	coalmine
6891.jpg	earring	earring
6942.jpg	superspace	superspace
6946.jpg	midbody	midbody
6959.png	hexyne	hexyne
6964.png	priorate	priorate
6978.png	disbandment	disbandment
6983.jpg	vulcanicity	vulcanicity
7010.jpg	flotrot	flotrol
7014.png	leit	leit
7053.png	genotyping	genotyping
7066.png	instructorship	instructorship
7079.png	mnemonically	mnemonically
7091.png	thermophilous	thermophilous
7092.png	hepoxilin	hepoxilin
7100.png	palpate	palpate
7103.jpg	mopey	mopey
7113.png	viscerotonic	viscerotonic
7128.jpg	grenadine	grenadine
7140.png	blades	blades
7143.png	litho	litho
7144.png	huzza	huzza
7150.png	acaleph	acaleph
7154.png	preprint	preprint
7158.png	shorttempered	shorttempered
7161.png	evaluated	evaluated
7167.jpg	margin	margin
7177.png	quadrennium	quadrennium
7182.png	protocell	protocell
7192.png	siteweld	siteweld
7237.jpg	sigmatism	sigmatism
7244.png	disks	disks
7247.jpg	antinociceptive	antinociceptive
7265.jpg	ramones	ramones
7269.png	mantua	mantua
7272.png	nonblack	nonblack
7277.jpg	shelved	shelved
7282.jpg	fulling	fulling
7287.png	contraindicate	contraindicate
7288.png	mesmerise	mesmerise
7290.png	swinker	swinker
7293.png	windlass	windlass
7327.png	scriptwriter	scriptwriter
7334.png	flockier	flockier
7336.png	progression	progression
7339.png	cloddish	cloddish
7343.png	sulkol	sulkol
7368.png	electress	electress
7373.png	chondria	chondria
7382.png	stamping	stamping
7402.png	picaresque	picaresque
7404.png	tombstoning	tombstoning
7407.png	hatrack	hatrack
7411.png	amulets	amulets
7426.jpg	lodge	lodge
7429.jpg	ziotys	zlotys
7436.png	microdialyzer	microdialyzer
7437.jpg	crut	crut
7441.png	sickliest	sickliest
7442.png	sickout	sickout
7445.jpg	almasilium	almasilium
7451.jpg	rechtsstaat	rechtsstaat
7466.png	acoustooptic	acoustooptic
7474.png	petrolite	petrolite
7481.jpg	deferrer	deferrer
7484.png	ships	ships
7492.png	nutcrackers	nutcrackers
7503.png	ectothermy	ectothermy
7508.jpg	leeriness	leeriness
7510.jpg	reversibly	reversibly
7522.png	litre	litre
7528.png	citor	citor
7532.png	torse	torse
7534.jpg	planit	planit
7535.jpg	inter	inter
7545.png	linearization	linearization
7546.png	fteeter	fleeter
7551.jpg	panniculitis	panniculitis
7555.jpg	tensional	tensional
7573.jpg	morphed	morphed
7577.png	graphomotor	graphomotor
7598.jpg	incrust	incrust
7600.png	watchstrap	watchstrap
7616.png	antiart	antiart
7618.png	unsexed	unsexed
7620.png	epigenesis	epigenesis
7622.png	fancifully	fancifully
7630.png	noctilucence	noctilucence
7642.png	eyedropper	eyedropper
7644.png	matchmaker	matchmaker
7649.png	pratically	pratically
7652.png	rotables	rotables
7654.jpg	likuta	likuta
7655.png	empyreal	empyreal
7657.png	teniae	teniae
7664.png	herstory	herstory
7676.jpg	hunter	hunter
7691.png	doiling	boiling
7696.jpg	glycolytic	glycolytic
7703.jpg	millimetres	millimetres
7708.jpg	gilded	gilded
7724.png	ended	ended
